,x
1,Gene.ID
2,D5_1.y
3,D5_2
4,D5_3
5,D6_1
6,D6_2
7,D6_3
8,F7_1
9,F7_2
10,F7_3
11,M8_1
12,M8_2
13,M8_3
14,CACO-2_rep2
15,CACO-2_rep1
16,CACO-2_rep3
17,HEK293T_rep1
18,HEK293T_rep2
19,MCF-7_rep1
20,MCF-7_rep2
21,A-549_rep1
22,A-549_rep2
23,A-549_rep3
24,HT-29_rep1
25,HT-29_rep2
26,HT-29_rep3
27,PC-3_rep1
28,PC-3_rep2
29,hela.RNA_FRAS202141343.1r.y
30,hepg2.for.rna_FRAS202163307.1r
31,Jurkart.ctrl.1_FRAS220041113.1r
32,Jurkart.ctrl.2_FRAS220041114.1r
33,Jurkart.ctrl.3_FRAS220041115.1r
34,K562.ctrl.1_FRAS220041110.1r
35,K562.ctrl.2_FRAS220041111.1r
36,K562.ctrl.3_FRAS220041112.1r
37,ms751.for.rna_FRAS202163308.1r
38,siha.for.rna_FRAS202163309.1r
39,THP.1.ctrl.1_FRAS220041104.1r
40,THP.1.ctrl.2_FRAS220041105.1r
41,THP.1.ctrl.3_FRAS220041106.1r
42,U937.ctrl.1_FRAS220041107.1r
43,U937.ctrl.2_FRAS220041108.1r
44,U937.ctrl.3_FRAS220041109.1r
